,name,address
0,Beverly Hills,339 N Beverly Dr Beverly HillsCA 90210
1,Calabasas,26767 Agoura Rd CalabasasCA 91302
2,Culver City,9300 Culver Blvd. Suite 101 Culver CityCA 90232
3,Grove,7660 Beverly Blvd Los AngelesCA 90036
4,MLK,1800 E Martin Luther King Jr. Blvd VernonCA 90058
5,Manhattan Beach,1700 Rosecrans Avenue Manhattan BeachCA 90266
6,Palisades,15285 W. Sunset Blvd Pacific PalisadesCA 90272
7,Pasadena,475 S Lake Ave PasadenaCA 91101
8,Santa Monica,2800 Wilshire Blvd. Santa MonicaCA 90403
9,Silver Lake,4121 Santa Monica Blvd Los AngelesCA 90029
10,Studio City,12833 Ventura Blvd. Studio CityCA 91604
11,Venice,585 Venice Blvd VeniceCA 90291
