,name,address,Ralphs or Food 4 Less
0,9th Flower,"<a aria-label=""Directions to 9th Flower: 645 W 9Th St Los Angeles, CA 90015"" class=""kds-Link kds-Link--m text-primary"" data-testid=""address"" href=""https://www.google.com/maps/dir/?api=1&amp;destination=ralphs+645+W+9Th+St+%0A++++Los+Angeles+CA+90015&amp;travelmode=driving"" rel=""external"" target=""_blank"">645 W 9Th St Los Angeles, CA 90015<svg class=""kds-Icon kds-Icon--inline kds-Icon--inlineMedium"" data-name=""Icon"" fill=""currentColor"" focusable=""false"" height=""1em"" style=""font-size: 1.48148em;"" viewbox=""0 0 16 16"" width=""1em""><path d=""M11.86 8.503a.375.375 0 00-.376.375v3.355a.436.436 0 01-.435.436h-7.25a.467.467 0 01-.466-.467V4.983a.466.466 0 01.466-.465h3.324a.375.375 0 000-.75H3.799a1.218 1.218 0 00-1.216 1.215v7.22a1.218 1.218 0 001.216 1.216h7.25a1.187 1.187 0 001.185-1.186V8.878a.375.375 0 00-.375-.375z""></path><path d=""M13.412 3.233a.654.654 0 00-.652-.652H9.012a.375.375 0 000 .75h3.119L7.007 8.455a.376.376 0 00.531.531l5.125-5.124.004 3.118a.375.375 0 00.375.374h.001a.374.374 0 00.374-.376z""></path></svg></a>",Ralphs
1,6th Burlington,"<a aria-label=""Directions to 6th Burlington: 1700 W 6Th St Los Angeles, CA 90017"" class=""kds-Link kds-Link--m text-primary"" data-testid=""address"" href=""https://www.google.com/maps/dir/?api=1&amp;destination=food4less+1700+W+6Th+St+%0A++++Los+Angeles+CA+90017&amp;travelmode=driving"" rel=""external"" target=""_blank"">1700 W 6Th St Los Angeles, CA 90017<svg class=""kds-Icon kds-Icon--inline kds-Icon--inlineMedium"" data-name=""Icon"" fill=""currentColor"" focusable=""false"" height=""1em"" style=""font-size: 1.48148em;"" viewbox=""0 0 16 16"" width=""1em""><path d=""M11.86 8.503a.375.375 0 00-.376.375v3.355a.436.436 0 01-.435.436h-7.25a.467.467 0 01-.466-.467V4.983a.466.466 0 01.466-.465h3.324a.375.375 0 000-.75H3.799a1.218 1.218 0 00-1.216 1.215v7.22a1.218 1.218 0 001.216 1.216h7.25a1.187 1.187 0 001.185-1.186V8.878a.375.375 0 00-.375-.375z""></path><path d=""M13.412 3.233a.654.654 0 00-.652-.652H9.012a.375.375 0 000 .75h3.119L7.007 8.455a.376.376 0 00.531.531l5.125-5.124.004 3.118a.375.375 0 00.375.374h.001a.374.374 0 00.374-.376z""></path></svg></a>",Food 4 Less
2,Boyle Heights,"<a aria-label=""Directions to Boyle Heights: 2750 E 1St St Los Angeles, CA 90033"" class=""kds-Link kds-Link--m text-primary"" data-testid=""address"" href=""https://www.google.com/maps/dir/?api=1&amp;destination=food4less+2750+E+1St+St+%0A++++Los+Angeles+CA+90033&amp;travelmode=driving"" rel=""external"" target=""_blank"">2750 E 1St St Los Angeles, CA 90033<svg class=""kds-Icon kds-Icon--inline kds-Icon--inlineMedium"" data-name=""Icon"" fill=""currentColor"" focusable=""false"" height=""1em"" style=""font-size: 1.48148em;"" viewbox=""0 0 16 16"" width=""1em""><path d=""M11.86 8.503a.375.375 0 00-.376.375v3.355a.436.436 0 01-.435.436h-7.25a.467.467 0 01-.466-.467V4.983a.466.466 0 01.466-.465h3.324a.375.375 0 000-.75H3.799a1.218 1.218 0 00-1.216 1.215v7.22a1.218 1.218 0 001.216 1.216h7.25a1.187 1.187 0 001.185-1.186V8.878a.375.375 0 00-.375-.375z""></path><path d=""M13.412 3.233a.654.654 0 00-.652-.652H9.012a.375.375 0 000 .75h3.119L7.007 8.455a.376.376 0 00.531.531l5.125-5.124.004 3.118a.375.375 0 00.375.374h.001a.374.374 0 00.374-.376z""></path></svg></a>",Food 4 Less
3,Olympic Hoover,"<a aria-label=""Directions to Olympic Hoover: 1091 S Hoover St Los Angeles, CA 90006"" class=""kds-Link kds-Link--m text-primary"" data-testid=""address"" href=""https://www.google.com/maps/dir/?api=1&amp;destination=food4less+1091+S+Hoover+St+%0A++++Los+Angeles+CA+90006&amp;travelmode=driving"" rel=""external"" target=""_blank"">1091 S Hoover St Los Angeles, CA 90006<svg class=""kds-Icon kds-Icon--inline kds-Icon--inlineMedium"" data-name=""Icon"" fill=""currentColor"" focusable=""false"" height=""1em"" style=""font-size: 1.48148em;"" viewbox=""0 0 16 16"" width=""1em""><path d=""M11.86 8.503a.375.375 0 00-.376.375v3.355a.436.436 0 01-.435.436h-7.25a.467.467 0 01-.466-.467V4.983a.466.466 0 01.466-.465h3.324a.375.375 0 000-.75H3.799a1.218 1.218 0 00-1.216 1.215v7.22a1.218 1.218 0 001.216 1.216h7.25a1.187 1.187 0 001.185-1.186V8.878a.375.375 0 00-.375-.375z""></path><path d=""M13.412 3.233a.654.654 0 00-.652-.652H9.012a.375.375 0 000 .75h3.119L7.007 8.455a.376.376 0 00.531.531l5.125-5.124.004 3.118a.375.375 0 00.375.374h.001a.374.374 0 00.374-.376z""></path></svg></a>",Food 4 Less
4,Third Street,"<a aria-label=""Directions to Third Street: 3410 W 3Rd St Los Angeles, CA 90020"" class=""kds-Link kds-Link--m text-primary"" data-testid=""address"" href=""https://www.google.com/maps/dir/?api=1&amp;destination=ralphs+3410+W+3Rd+St+%0A++++Los+Angeles+CA+90020&amp;travelmode=driving"" rel=""external"" target=""_blank"">3410 W 3Rd St Los Angeles, CA 90020<svg class=""kds-Icon kds-Icon--inline kds-Icon--inlineMedium"" data-name=""Icon"" fill=""currentColor"" focusable=""false"" height=""1em"" style=""font-size: 1.48148em;"" viewbox=""0 0 16 16"" width=""1em""><path d=""M11.86 8.503a.375.375 0 00-.376.375v3.355a.436.436 0 01-.435.436h-7.25a.467.467 0 01-.466-.467V4.983a.466.466 0 01.466-.465h3.324a.375.375 0 000-.75H3.799a1.218 1.218 0 00-1.216 1.215v7.22a1.218 1.218 0 001.216 1.216h7.25a1.187 1.187 0 001.185-1.186V8.878a.375.375 0 00-.375-.375z""></path><path d=""M13.412 3.233a.654.654 0 00-.652-.652H9.012a.375.375 0 000 .75h3.119L7.007 8.455a.376.376 0 00.531.531l5.125-5.124.004 3.118a.375.375 0 00.375.374h.001a.374.374 0 00.374-.376z""></path></svg></a>",Ralphs
5,Renaissance Plaza,"<a aria-label=""Directions to Renaissance Plaza: 2600 S Vermont Ave Los Angeles, CA 90007"" class=""kds-Link kds-Link--m text-primary"" data-testid=""address"" href=""https://www.google.com/maps/dir/?api=1&amp;destination=ralphs+2600+S+Vermont+Ave+%0A++++Los+Angeles+CA+90007&amp;travelmode=driving"" rel=""external"" target=""_blank"">2600 S Vermont Ave Los Angeles, CA 90007<svg class=""kds-Icon kds-Icon--inline kds-Icon--inlineMedium"" data-name=""Icon"" fill=""currentColor"" focusable=""false"" height=""1em"" style=""font-size: 1.48148em;"" viewbox=""0 0 16 16"" width=""1em""><path d=""M11.86 8.503a.375.375 0 00-.376.375v3.355a.436.436 0 01-.435.436h-7.25a.467.467 0 01-.466-.467V4.983a.466.466 0 01.466-.465h3.324a.375.375 0 000-.75H3.799a1.218 1.218 0 00-1.216 1.215v7.22a1.218 1.218 0 001.216 1.216h7.25a1.187 1.187 0 001.185-1.186V8.878a.375.375 0 00-.375-.375z""></path><path d=""M13.412 3.233a.654.654 0 00-.652-.652H9.012a.375.375 0 000 .75h3.119L7.007 8.455a.376.376 0 00.531.531l5.125-5.124.004 3.118a.375.375 0 00.375.374h.001a.374.374 0 00.374-.376z""></path></svg></a>",Ralphs
6,Unicentro ANGELUS,"<a aria-label=""Directions to Unicentro ANGELUS: 3654 E Olympic Blvd Los Angeles, CA 90023"" class=""kds-Link kds-Link--m text-primary"" data-testid=""address"" href=""https://www.google.com/maps/dir/?api=1&amp;destination=food4less+3654+E+Olympic+Blvd+%0A++++Los+Angeles+CA+90023&amp;travelmode=driving"" rel=""external"" target=""_blank"">3654 E Olympic Blvd Los Angeles, CA 90023<svg class=""kds-Icon kds-Icon--inline kds-Icon--inlineMedium"" data-name=""Icon"" fill=""currentColor"" focusable=""false"" height=""1em"" style=""font-size: 1.48148em;"" viewbox=""0 0 16 16"" width=""1em""><path d=""M11.86 8.503a.375.375 0 00-.376.375v3.355a.436.436 0 01-.435.436h-7.25a.467.467 0 01-.466-.467V4.983a.466.466 0 01.466-.465h3.324a.375.375 0 000-.75H3.799a1.218 1.218 0 00-1.216 1.215v7.22a1.218 1.218 0 001.216 1.216h7.25a1.187 1.187 0 001.185-1.186V8.878a.375.375 0 00-.375-.375z""></path><path d=""M13.412 3.233a.654.654 0 00-.652-.652H9.012a.375.375 0 000 .75h3.119L7.007 8.455a.376.376 0 00.531.531l5.125-5.124.004 3.118a.375.375 0 00.375.374h.001a.374.374 0 00.374-.376z""></path></svg></a>",Food 4 Less
7,Wiltern,"<a aria-label=""Directions to Wiltern: 670 S Western Ave Los Angeles, CA 90005"" class=""kds-Link kds-Link--m text-primary"" data-testid=""address"" href=""https://www.google.com/maps/dir/?api=1&amp;destination=ralphs+670+S+Western+Ave+%0A++++Los+Angeles+CA+90005&amp;travelmode=driving"" rel=""external"" target=""_blank"">670 S Western Ave Los Angeles, CA 90005<svg class=""kds-Icon kds-Icon--inline kds-Icon--inlineMedium"" data-name=""Icon"" fill=""currentColor"" focusable=""false"" height=""1em"" style=""font-size: 1.48148em;"" viewbox=""0 0 16 16"" width=""1em""><path d=""M11.86 8.503a.375.375 0 00-.376.375v3.355a.436.436 0 01-.435.436h-7.25a.467.467 0 01-.466-.467V4.983a.466.466 0 01.466-.465h3.324a.375.375 0 000-.75H3.799a1.218 1.218 0 00-1.216 1.215v7.22a1.218 1.218 0 001.216 1.216h7.25a1.187 1.187 0 001.185-1.186V8.878a.375.375 0 00-.375-.375z""></path><path d=""M13.412 3.233a.654.654 0 00-.652-.652H9.012a.375.375 0 000 .75h3.119L7.007 8.455a.376.376 0 00.531.531l5.125-5.124.004 3.118a.375.375 0 00.375.374h.001a.374.374 0 00.374-.376z""></path></svg></a>",Ralphs
8,WesternVenice,"<a aria-label=""Directions to WesternVenice: 1717 S Western Ave Los Angeles, CA 90006"" class=""kds-Link kds-Link--m text-primary"" data-testid=""address"" href=""https://www.google.com/maps/dir/?api=1&amp;destination=food4less+1717+S+Western+Ave+%0A++++Los+Angeles+CA+90006&amp;travelmode=driving"" rel=""external"" target=""_blank"">1717 S Western Ave Los Angeles, CA 90006<svg class=""kds-Icon kds-Icon--inline kds-Icon--inlineMedium"" data-name=""Icon"" fill=""currentColor"" focusable=""false"" height=""1em"" style=""font-size: 1.48148em;"" viewbox=""0 0 16 16"" width=""1em""><path d=""M11.86 8.503a.375.375 0 00-.376.375v3.355a.436.436 0 01-.435.436h-7.25a.467.467 0 01-.466-.467V4.983a.466.466 0 01.466-.465h3.324a.375.375 0 000-.75H3.799a1.218 1.218 0 00-1.216 1.215v7.22a1.218 1.218 0 001.216 1.216h7.25a1.187 1.187 0 001.185-1.186V8.878a.375.375 0 00-.375-.375z""></path><path d=""M13.412 3.233a.654.654 0 00-.652-.652H9.012a.375.375 0 000 .75h3.119L7.007 8.455a.376.376 0 00.531.531l5.125-5.124.004 3.118a.375.375 0 00.375.374h.001a.374.374 0 00.374-.376z""></path></svg></a>",Food 4 Less
9,Jefferson Park,"<a aria-label=""Directions to Jefferson Park: 1748 S. Jefferson Blvd. Los Angeles, CA 90018"" class=""kds-Link kds-Link--m text-primary"" data-testid=""address"" href=""https://www.google.com/maps/dir/?api=1&amp;destination=food4less+1748+S.+Jefferson+Blvd.+%0A++++Los+Angeles+CA+90018&amp;travelmode=driving"" rel=""external"" target=""_blank"">1748 S. Jefferson Blvd. Los Angeles, CA 90018<svg class=""kds-Icon kds-Icon--inline kds-Icon--inlineMedium"" data-name=""Icon"" fill=""currentColor"" focusable=""false"" height=""1em"" style=""font-size: 1.48148em;"" viewbox=""0 0 16 16"" width=""1em""><path d=""M11.86 8.503a.375.375 0 00-.376.375v3.355a.436.436 0 01-.435.436h-7.25a.467.467 0 01-.466-.467V4.983a.466.466 0 01.466-.465h3.324a.375.375 0 000-.75H3.799a1.218 1.218 0 00-1.216 1.215v7.22a1.218 1.218 0 001.216 1.216h7.25a1.187 1.187 0 001.185-1.186V8.878a.375.375 0 00-.375-.375z""></path><path d=""M13.412 3.233a.654.654 0 00-.652-.652H9.012a.375.375 0 000 .75h3.119L7.007 8.455a.376.376 0 00.531.531l5.125-5.124.004 3.118a.375.375 0 00.375.374h.001a.374.374 0 00.374-.376z""></path></svg></a>",Food 4 Less
10,54th Main,"<a aria-label=""Directions to 54th Main: 5318 S Main St Los Angeles, CA 90037"" class=""kds-Link kds-Link--m text-primary"" data-testid=""address"" href=""https://www.google.com/maps/dir/?api=1&amp;destination=food4less+5318+S+Main+St+%0A++++Los+Angeles+CA+90037&amp;travelmode=driving"" rel=""external"" target=""_blank"">5318 S Main St Los Angeles, CA 90037<svg class=""kds-Icon kds-Icon--inline kds-Icon--inlineMedium"" data-name=""Icon"" fill=""currentColor"" focusable=""false"" height=""1em"" style=""font-size: 1.48148em;"" viewbox=""0 0 16 16"" width=""1em""><path d=""M11.86 8.503a.375.375 0 00-.376.375v3.355a.436.436 0 01-.435.436h-7.25a.467.467 0 01-.466-.467V4.983a.466.466 0 01.466-.465h3.324a.375.375 0 000-.75H3.799a1.218 1.218 0 00-1.216 1.215v7.22a1.218 1.218 0 001.216 1.216h7.25a1.187 1.187 0 001.185-1.186V8.878a.375.375 0 00-.375-.375z""></path><path d=""M13.412 3.233a.654.654 0 00-.652-.652H9.012a.375.375 0 000 .75h3.119L7.007 8.455a.376.376 0 00.531.531l5.125-5.124.004 3.118a.375.375 0 00.375.374h.001a.374.374 0 00.374-.376z""></path></svg></a>",Food 4 Less
11,Highland Park,"<a aria-label=""Directions to Highland Park: 5100 N Figueroa St Los Angeles, CA 90042"" class=""kds-Link kds-Link--m text-primary"" data-testid=""address"" href=""https://www.google.com/maps/dir/?api=1&amp;destination=food4less+5100+N+Figueroa+St+%0A++++Los+Angeles+CA+90042&amp;travelmode=driving"" rel=""external"" target=""_blank"">5100 N Figueroa St Los Angeles, CA 90042<svg class=""kds-Icon kds-Icon--inline kds-Icon--inlineMedium"" data-name=""Icon"" fill=""currentColor"" focusable=""false"" height=""1em"" style=""font-size: 1.48148em;"" viewbox=""0 0 16 16"" width=""1em""><path d=""M11.86 8.503a.375.375 0 00-.376.375v3.355a.436.436 0 01-.435.436h-7.25a.467.467 0 01-.466-.467V4.983a.466.466 0 01.466-.465h3.324a.375.375 0 000-.75H3.799a1.218 1.218 0 00-1.216 1.215v7.22a1.218 1.218 0 001.216 1.216h7.25a1.187 1.187 0 001.185-1.186V8.878a.375.375 0 00-.375-.375z""></path><path d=""M13.412 3.233a.654.654 0 00-.652-.652H9.012a.375.375 0 000 .75h3.119L7.007 8.455a.376.376 0 00.531.531l5.125-5.124.004 3.118a.375.375 0 00.375.374h.001a.374.374 0 00.374-.376z""></path></svg></a>",Food 4 Less
12,El Sereno,"<a aria-label=""Directions to El Sereno: 4910 Huntington Dr S Los Angeles, CA 90032"" class=""kds-Link kds-Link--m text-primary"" data-testid=""address"" href=""https://www.google.com/maps/dir/?api=1&amp;destination=food4less+4910+Huntington+Dr+S+%0A++++Los+Angeles+CA+90032&amp;travelmode=driving"" rel=""external"" target=""_blank"">4910 Huntington Dr S Los Angeles, CA 90032<svg class=""kds-Icon kds-Icon--inline kds-Icon--inlineMedium"" data-name=""Icon"" fill=""currentColor"" focusable=""false"" height=""1em"" style=""font-size: 1.48148em;"" viewbox=""0 0 16 16"" width=""1em""><path d=""M11.86 8.503a.375.375 0 00-.376.375v3.355a.436.436 0 01-.435.436h-7.25a.467.467 0 01-.466-.467V4.983a.466.466 0 01.466-.465h3.324a.375.375 0 000-.75H3.799a1.218 1.218 0 00-1.216 1.215v7.22a1.218 1.218 0 001.216 1.216h7.25a1.187 1.187 0 001.185-1.186V8.878a.375.375 0 00-.375-.375z""></path><path d=""M13.412 3.233a.654.654 0 00-.652-.652H9.012a.375.375 0 000 .75h3.119L7.007 8.455a.376.376 0 00.531.531l5.125-5.124.004 3.118a.375.375 0 00.375.374h.001a.374.374 0 00.374-.376z""></path></svg></a>",Food 4 Less
13,HollyWest,"<a aria-label=""Directions to HollyWest: 5429 Hollywood Blvd Los Angeles, CA 90027"" class=""kds-Link kds-Link--m text-primary"" data-testid=""address"" href=""https://www.google.com/maps/dir/?api=1&amp;destination=ralphs+5429+Hollywood+Blvd+%0A++++Los+Angeles+CA+90027&amp;travelmode=driving"" rel=""external"" target=""_blank"">5429 Hollywood Blvd Los Angeles, CA 90027<svg class=""kds-Icon kds-Icon--inline kds-Icon--inlineMedium"" data-name=""Icon"" fill=""currentColor"" focusable=""false"" height=""1em"" style=""font-size: 1.48148em;"" viewbox=""0 0 16 16"" width=""1em""><path d=""M11.86 8.503a.375.375 0 00-.376.375v3.355a.436.436 0 01-.435.436h-7.25a.467.467 0 01-.466-.467V4.983a.466.466 0 01.466-.465h3.324a.375.375 0 000-.75H3.799a1.218 1.218 0 00-1.216 1.215v7.22a1.218 1.218 0 001.216 1.216h7.25a1.187 1.187 0 001.185-1.186V8.878a.375.375 0 00-.375-.375z""></path><path d=""M13.412 3.233a.654.654 0 00-.652-.652H9.012a.375.375 0 000 .75h3.119L7.007 8.455a.376.376 0 00.531.531l5.125-5.124.004 3.118a.375.375 0 00.375.374h.001a.374.374 0 00.374-.376z""></path></svg></a>",Ralphs
14,Margarita Plaza,"<a aria-label=""Directions to Margarita Plaza: 6920 Santa Fe Ave Huntington Park, CA 90255"" class=""kds-Link kds-Link--m text-primary"" data-testid=""address"" href=""https://www.google.com/maps/dir/?api=1&amp;destination=food4less+6920+Santa+Fe+Ave+%0A++++Huntington+Park+CA+90255&amp;travelmode=driving"" rel=""external"" target=""_blank"">6920 Santa Fe Ave Huntington Park, CA 90255<svg class=""kds-Icon kds-Icon--inline kds-Icon--inlineMedium"" data-name=""Icon"" fill=""currentColor"" focusable=""false"" height=""1em"" style=""font-size: 1.48148em;"" viewbox=""0 0 16 16"" width=""1em""><path d=""M11.86 8.503a.375.375 0 00-.376.375v3.355a.436.436 0 01-.435.436h-7.25a.467.467 0 01-.466-.467V4.983a.466.466 0 01.466-.465h3.324a.375.375 0 000-.75H3.799a1.218 1.218 0 00-1.216 1.215v7.22a1.218 1.218 0 001.216 1.216h7.25a1.187 1.187 0 001.185-1.186V8.878a.375.375 0 00-.375-.375z""></path><path d=""M13.412 3.233a.654.654 0 00-.652-.652H9.012a.375.375 0 000 .75h3.119L7.007 8.455a.376.376 0 00.531.531l5.125-5.124.004 3.118a.375.375 0 00.375.374h.001a.374.374 0 00.374-.376z""></path></svg></a>",Food 4 Less
15,Pico San Vincente,"<a aria-label=""Directions to Pico San Vincente: 4760 W Pico Blvd Los Angeles, CA 90019"" class=""kds-Link kds-Link--m text-primary"" data-testid=""address"" href=""https://www.google.com/maps/dir/?api=1&amp;destination=ralphs+4760+W+Pico+Blvd+%0A++++Los+Angeles+CA+90019&amp;travelmode=driving"" rel=""external"" target=""_blank"">4760 W Pico Blvd Los Angeles, CA 90019<svg class=""kds-Icon kds-Icon--inline kds-Icon--inlineMedium"" data-name=""Icon"" fill=""currentColor"" focusable=""false"" height=""1em"" style=""font-size: 1.48148em;"" viewbox=""0 0 16 16"" width=""1em""><path d=""M11.86 8.503a.375.375 0 00-.376.375v3.355a.436.436 0 01-.435.436h-7.25a.467.467 0 01-.466-.467V4.983a.466.466 0 01.466-.465h3.324a.375.375 0 000-.75H3.799a1.218 1.218 0 00-1.216 1.215v7.22a1.218 1.218 0 001.216 1.216h7.25a1.187 1.187 0 001.185-1.186V8.878a.375.375 0 00-.375-.375z""></path><path d=""M13.412 3.233a.654.654 0 00-.652-.652H9.012a.375.375 0 000 .75h3.119L7.007 8.455a.376.376 0 00.531.531l5.125-5.124.004 3.118a.375.375 0 00.375.374h.001a.374.374 0 00.374-.376z""></path></svg></a>",Ralphs
16,Maywood,"<a aria-label=""Directions to Maywood: 4400 Slauson Ave Maywood, CA 90270"" class=""kds-Link kds-Link--m text-primary"" data-testid=""address"" href=""https://www.google.com/maps/dir/?api=1&amp;destination=food4less+4400+Slauson+Ave+%0A++++Maywood+CA+90270&amp;travelmode=driving"" rel=""external"" target=""_blank"">4400 Slauson Ave Maywood, CA 90270<svg class=""kds-Icon kds-Icon--inline kds-Icon--inlineMedium"" data-name=""Icon"" fill=""currentColor"" focusable=""false"" height=""1em"" style=""font-size: 1.48148em;"" viewbox=""0 0 16 16"" width=""1em""><path d=""M11.86 8.503a.375.375 0 00-.376.375v3.355a.436.436 0 01-.435.436h-7.25a.467.467 0 01-.466-.467V4.983a.466.466 0 01.466-.465h3.324a.375.375 0 000-.75H3.799a1.218 1.218 0 00-1.216 1.215v7.22a1.218 1.218 0 001.216 1.216h7.25a1.187 1.187 0 001.185-1.186V8.878a.375.375 0 00-.375-.375z""></path><path d=""M13.412 3.233a.654.654 0 00-.652-.652H9.012a.375.375 0 000 .75h3.119L7.007 8.455a.376.376 0 00.531.531l5.125-5.124.004 3.118a.375.375 0 00.375.374h.001a.374.374 0 00.374-.376z""></path></svg></a>",Food 4 Less
